Date,Open,High,Low,Close,Adj Close,Volume,50_MA
2020-03-13,66.22250366210938,69.9800033569336,63.23749923706055,69.49250030517578,67.951904296875,370732000,76.45169975280761
2020-03-16,60.48749923706055,64.7699966430664,60.0,60.5525016784668,59.210105895996094,322423600,76.16099975585938
2020-03-17,61.877498626708984,64.40249633789062,59.599998474121094,63.21500015258789,61.81357192993164,324056000,75.93814979553223
2020-03-18,59.942501068115234,62.5,59.279998779296875,61.66749954223633,60.300376892089844,300233600,75.67249984741211
2020-03-19,61.84749984741211,63.209999084472656,60.65250015258789,61.19499969482422,59.838356018066406,271857200,75.4044497680664
2020-03-20,61.79499816894531,62.95750045776367,57.0,57.310001373291016,56.03947448730469,401693200,75.0346997833252
2020-03-23,57.02000045776367,57.125,53.15250015258789,56.092498779296875,54.84896469116211,336752800,74.60839973449707
2020-03-24,59.09000015258789,61.92250061035156,58.57500076293945,61.720001220703125,60.35171127319336,287531200,74.2911498260498
2020-03-25,62.6875,64.5625,61.07500076293945,61.380001068115234,60.01925277709961,303602000,73.93394989013672
2020-03-26,61.630001068115234,64.66999816894531,61.59000015258789,64.61000061035156,63.17763900756836,252087200,73.66274993896485
2020-03-27,63.1875,63.967498779296875,61.76250076293945,61.935001373291016,60.561946868896484,204216800,73.34474998474121
2020-03-30,62.685001373291016,63.880001068115234,62.349998474121094,63.70249938964844,62.290260314941406,167976400,73.0426000213623
2020-03-31,63.900001525878906,65.62249755859375,63.0,63.5724983215332,62.16313552856445,197002000,72.72039993286133
2020-04-01,61.625,62.18000030517578,59.782501220703125,60.227500915527344,58.89229965209961,176218400,72.34209991455079
2020-04-02,60.084999084472656,61.287498474121094,59.224998474121094,61.23249816894531,59.87501525878906,165934000,71.97824981689453
2020-04-03,60.70000076293945,61.42499923706055,59.74250030517578,60.352500915527344,59.0145263671875,129880000,71.58914978027343
2020-04-06,62.724998474121094,65.77749633789062,62.345001220703125,65.61750030517578,64.16280364990234,201820400,71.30994979858399
2020-04-07,67.69999694824219,67.92500305175781,64.75,64.85749816894531,63.41965866088867,202887200,71.06234970092774
2020-04-08,65.68499755859375,66.84249877929688,65.30750274658203,66.51750183105469,65.04286193847656,168895200,70.80424972534179
2020-04-09,67.17500305175781,67.51750183105469,66.17500305175781,66.99749755859375,65.51220703125,161834800,70.52249969482422
2020-04-13,67.07749938964844,68.42500305175781,66.4574966430664,68.3125,66.79805755615234,131022800,70.26939971923828
2020-04-14,70.0,72.0625,69.51249694824219,71.76249694824219,70.17157745361328,194994800,70.157099609375
2020-04-15,70.5999984741211,71.5824966430664,70.15750122070312,71.10749816894531,69.53108978271484,131154400,70.03594955444336
2020-04-16,71.84500122070312,72.05000305175781,70.5875015258789,71.67250061035156,70.08357238769531,157125200,69.87514953613281
2020-04-17,71.17250061035156,71.73750305175781,69.21499633789062,70.69999694824219,69.13262939453125,215250000,69.6818994140625
2020-04-20,69.48750305175781,70.41999816894531,69.2125015258789,69.23249816894531,67.69766998291016,130015200,69.44049942016602
2020-04-21,69.06999969482422,69.3125,66.35749816894531,67.09249877929688,65.60509490966797,180991600,69.18219940185547
2020-04-22,68.40249633789062,69.4749984741211,68.05000305175781,69.0250015258789,67.49475860595703,116862400,68.95494949340821
2020-04-23,68.96749877929688,70.4375,68.71749877929688,68.75749969482422,67.23319244384766,124814400,68.73204956054687
2020-04-24,69.30000305175781,70.75250244140625,69.25,70.74250030517578,69.1741943359375,126161200,68.51089950561523
2020-04-27,70.44999694824219,71.13500213623047,69.98750305175781,70.7925033569336,69.22308349609375,117087600,68.30239959716796
2020-04-28,71.2699966430664,71.4574966430664,69.55000305175781,69.6449966430664,68.10101318359375,112004800,68.07054946899414
2020-04-29,71.18250274658203,72.4175033569336,70.97250366210938,71.93250274658203,70.33781433105469,137280800,67.91419952392579
2020-04-30,72.48999786376953,73.63249969482422,72.0875015258789,73.44999694824219,71.82166290283203,183064000,67.76509948730468
2020-05-01,71.5625,74.75,71.4625015258789,72.26750183105469,70.66537475585938,240616800,67.60894958496094
2020-05-04,72.2925033569336,73.42250061035156,71.58000183105469,73.29000091552734,71.66521453857422,133568000,67.50949966430665
2020-05-05,73.76499938964844,75.25,73.61499786376953,74.38999938964844,72.74081420898438,147751200,67.5063996887207
2020-05-06,75.11499786376953,75.80999755859375,74.71749877929688,75.15750122070312,73.49130249023438,142333600,67.56914978027343
2020-05-07,75.80500030517578,76.2925033569336,75.49250030517578,75.93499755859375,74.25157165527344,115215200,67.62459976196288
2020-05-08,76.41000366210938,77.5875015258789,76.07250213623047,77.53250122070312,76.01888275146484,133838400,67.80764984130859
2020-05-11,77.0250015258789,79.26249694824219,76.80999755859375,78.75250244140625,77.21508026123047,145946400,68.0158999633789
2020-05-12,79.4574966430664,79.92250061035156,77.72750091552734,77.85250091552734,76.33264923095703,162301200,68.07889999389648
2020-05-13,78.0374984741211,78.98750305175781,75.80249786376953,76.9124984741211,75.41099548339844,200622400,68.17054992675781
2020-05-14,76.12750244140625,77.44750213623047,75.38249969482422,77.38500213623047,75.87425994873047,158929200,68.20455001831054
2020-05-15,75.0875015258789,76.9749984741211,75.05249786376953,76.92749786376953,75.42567443847656,166348400,68.27849990844726
2020-05-18,78.2925033569336,79.125,77.58000183105469,78.73999786376953,77.20280456542969,135178400,68.40814987182617
2020-05-19,78.75749969482422,79.62999725341797,78.25250244140625,78.28500366210938,76.75669860839844,101729600,68.64299987792968
2020-05-20,79.16999816894531,79.87999725341797,79.12999725341797,79.80750274658203,78.24947357177734,111504800,68.81244995117187
2020-05-21,79.66500091552734,80.22250366210938,78.96749877929688,79.2125015258789,77.66608428955078,102688800,69.01955001831055
2020-05-22,78.94249725341797,79.80750274658203,78.8375015258789,79.72250366210938,78.1661376953125,81803200,69.37285011291505
2020-05-26,80.875,81.05999755859375,79.125,79.18250274658203,77.63668060302734,125522000,69.56665016174317
2020-05-27,79.03500366210938,79.67749786376953,78.27249908447266,79.52749633789062,77.97493743896484,112945200,69.94615005493164
2020-05-28,79.19249725341797,80.86000061035156,78.90750122070312,79.5625,78.0092544555664,133560800,70.27310005187988
2020-05-29,79.8125,80.2874984741211,79.11750030517578,79.48500061035156,77.93328094482422,153532400,70.62945007324218
2020-06-01,79.4375,80.5875015258789,79.30249786376953,80.4625015258789,78.89169311523438,80791200,71.01480010986329
2020-06-02,80.1875,80.86000061035156,79.73249816894531,80.83499908447266,79.25691223144531,87642800,71.48530006408691
2020-06-03,81.16500091552734,81.55000305175781,80.57499694824219,81.27999877929688,79.69322967529297,104491200,71.98905006408691
2020-06-04,81.09750366210938,81.40499877929688,80.19499969482422,80.58000183105469,79.00688171386719,87560400,72.36625007629395
2020-06-05,80.8375015258789,82.9375,80.80750274658203,82.875,81.25708770751953,137250400,72.79615005493164
2020-06-08,82.5625,83.4000015258789,81.83000183105469,83.36499786376953,81.73751068115234,95654400,73.17125
2020-06-09,83.03500366210938,86.40249633789062,83.00250244140625,85.99749755859375,84.318603515625,147712400,73.65249992370606
2020-06-10,86.9749984741211,88.69249725341797,86.52249908447266,88.20999908447266,86.48793029785156,166651600,74.14264991760254
2020-06-11,87.32749938964844,87.76499938964844,83.87000274658203,83.9749984741211,82.33562469482422,201662400,74.5506999206543
2020-06-12,86.18000030517578,86.94999694824219,83.55500030517578,84.69999694824219,83.04645538330078,200146000,75.04014984130859
2020-06-15,83.3125,86.41999816894531,83.1449966430664,85.74749755859375,84.07350158691406,138808800,75.53044982910156
2020-06-16,87.86499786376953,88.30000305175781,86.18000030517578,88.0199966430664,86.3016586303711,165428800,76.08379974365235
2020-06-17,88.7874984741211,88.8499984741211,87.77249908447266,87.89749908447266,86.18153381347656,114406400,76.52939971923828
2020-06-18,87.85250091552734,88.36250305175781,87.30500030517578,87.93250274658203,86.2158432006836,96820400,76.99089981079102
2020-06-19,88.66000366210938,89.13999938964844,86.2874984741211,87.43000030517578,85.72317504882812,264476000,77.40914978027344
2020-06-22,87.83499908447266,89.86499786376953,87.7874984741211,89.71749877929688,87.96599578857422,135445200,77.8635498046875
2020-06-23,91.0,93.09500122070312,90.56749725341797,91.63249969482422,89.84361267089844,212155600,78.32994979858398
2020-06-24,91.25,92.19750213623047,89.62999725341797,90.01499938964844,88.2576904296875,192623200,78.6949998474121
2020-06-25,90.17500305175781,91.25,89.39250183105469,91.20999908447266,89.42937469482422,137522400,79.09704986572265
2020-06-26,91.10250091552734,91.33000183105469,88.25499725341797,88.40750122070312,86.68157958984375,205256800,79.43174987792969
2020-06-29,88.3125,90.5425033569336,87.81999969482422,90.44499969482422,88.6792984008789,130646000,79.82664993286133
2020-06-30,90.0199966430664,91.49500274658203,90.0,91.19999694824219,89.41956329345703,140223200,80.26599990844727
2020-07-01,91.27999877929688,91.83999633789062,90.97750091552734,91.02749633789062,89.25043487548828,110737200,80.74469985961915
2020-07-02,91.9625015258789,92.61750030517578,90.91000366210938,91.02749633789062,89.25043487548828,114041600,81.18474975585937
2020-07-06,92.5,93.94499969482422,92.46749877929688,93.4625015258789,91.63790893554688,118655600,81.67884979248046
2020-07-07,93.85250091552734,94.65499877929688,93.05750274658203,93.17250061035156,91.35356903076172,112424400,82.12744979858398
2020-07-08,94.18000030517578,95.375,94.08999633789062,95.34249877929688,93.48118591308594,117092000,82.61844970703125
2020-07-09,96.26249694824219,96.31749725341797,94.67250061035156,95.75250244140625,93.88318634033203,125642800,83.14059982299804
2020-07-10,95.33499908447266,95.9800033569336,94.70500183105469,95.91999816894531,94.04741668701172,90257200,83.62034973144532
2020-07-13,97.26499938964844,99.95500183105469,95.25749969482422,95.47750091552734,93.61357879638672,191649200,84.06089981079101
2020-07-14,94.83999633789062,97.25499725341797,93.87750244140625,97.05750274658203,95.16272735595703,170989200,84.55669982910156
2020-07-15,98.98999786376953,99.24749755859375,96.48999786376953,97.7249984741211,95.81718444824219,153198000,85.04539978027344
2020-07-16,96.5625,97.40499877929688,95.90499877929688,96.52249908447266,94.6381607055664,110577600,85.48804977416992
2020-07-17,96.98750305175781,97.14749908447266,95.83999633789062,96.32749938964844,94.44697570800781,92186800,85.91144973754882
2020-07-20,96.4175033569336,98.5,96.0625,98.35749816894531,96.43733978271484,90318000,86.35989974975585
2020-07-21,99.17250061035156,99.25,96.74250030517578,97.0,95.1063461303711,103433200,86.7492497253418
2020-07-22,96.69249725341797,97.9749984741211,96.60250091552734,97.27249908447266,95.3735122680664,89001600,87.11964965820313
2020-07-23,96.99749755859375,97.07749938964844,92.01000213623047,92.84500122070312,91.03245544433594,197004400,87.41949966430664
2020-07-24,90.98750305175781,92.97000122070312,89.1449966430664,92.61499786376953,90.80693817138672,185438800,87.73354965209961
2020-07-27,93.70999908447266,94.90499877929688,93.4800033569336,94.80999755859375,92.95909881591797,121214000,88.08204956054688
2020-07-28,94.36750030517578,94.55000305175781,93.24749755859375,93.25250244140625,91.43199157714844,103625600,88.40854965209961
2020-07-29,93.75,95.2300033569336,93.7125015258789,95.04000091552734,93.18460083007812,90329200,88.73454971313477
2020-07-30,94.1875,96.29750061035156,93.76750183105469,96.19000244140625,94.31214904785156,158130000,89.0926496887207
2020-07-31,102.88500213623047,106.41500091552734,100.82499694824219,106.26000213623047,104.1855697631836,374336800,89.62169967651367
2020-08-03,108.19999694824219,111.63749694824219,107.89250183105469,108.9375,106.810791015625,308151200,90.2161996459961
2020-08-04,109.13249969482422,110.79000091552734,108.38749694824219,109.66500091552734,107.52408599853516,173071600,90.81504959106445
2020-08-05,109.37750244140625,110.39250183105469,108.89749908447266,110.0625,107.913818359375,121776800,91.43264953613281
2020-08-06,110.40499877929688,114.4124984741211,109.79750061035156,113.90249633789062,111.67884826660156,202428800,92.12014953613281
2020-08-07,113.20500183105469,113.67500305175781,110.2925033569336,111.11250305175781,109.13975524902344,198045600,92.75114959716797
2020-08-10,112.5999984741211,113.7750015258789,110.0,112.72750091552734,110.72608947753906,212403600,93.41599960327149
2020-08-11,111.97000122070312,112.48249816894531,109.10749816894531,109.375,107.43310546875,187902400,93.9942495727539
2020-08-12,110.49749755859375,113.2750015258789,110.29750061035156,113.01000213623047,111.00357055664062,165598000,94.63774963378906
2020-08-13,114.43000030517578,116.0425033569336,113.92749786376953,115.01000213623047,112.96804809570312,210082000,95.31234970092774
2020-08-14,114.83000183105469,115.0,113.04499816894531,114.90750122070312,112.86737823486328,165565200,95.9988996887207
2020-08-17,116.0625,116.0875015258789,113.9625015258789,114.60749816894531,112.57270050048828,119561600,96.6335496520996
2020-08-18,114.35250091552734,116.0,114.00749969482422,115.5625,113.51074981689453,105633600,97.27749969482421
2020-08-19,115.98249816894531,117.1624984741211,115.61000061035156,115.7074966430664,113.6531753540039,145538000,97.87169967651367
2020-08-20,115.75,118.39250183105469,115.73249816894531,118.2750015258789,116.17508697509766,126907200,98.4729997253418
2020-08-21,119.26249694824219,124.86750030517578,119.25,124.37000274658203,122.16187286376953,338054800,99.28089981079101
2020-08-24,128.69749450683594,128.78500366210938,123.9375,125.85749816894531,123.62296295166016,345937600,100.10404983520507
2020-08-25,124.69750213623047,125.18000030517578,123.05249786376953,124.82499694824219,122.6087875366211,211495600,100.88559982299805
2020-08-26,126.18000030517578,126.99250030517578,125.0824966430664,126.52249908447266,124.27615356445312,163022400,101.65564987182617
2020-08-27,127.14250183105469,127.48500061035156,123.8324966430664,125.01000213623047,122.7905044555664,155552400,102.39789993286132
2020-08-28,126.01249694824219,126.44249725341797,124.57749938964844,124.80750274658203,122.59161376953125,187630000,103.13539993286133
2020-08-31,127.58000183105469,131.0,126.0,129.0399932861328,126.74894714355469,225702700,103.96759979248047
2020-09-01,132.75999450683594,134.8000030517578,130.52999877929688,134.17999267578125,131.79771423339844,151948100,104.85684967041016
2020-09-02,137.58999633789062,137.97999572753906,127.0,131.39999389648438,129.0670623779297,200119000,105.65219955444336
2020-09-03,126.91000366210938,128.83999633789062,120.5,120.87999725341797,118.73383331298828,257599600,106.26949951171875
2020-09-04,120.06999969482422,123.69999694824219,110.88999938964844,120.95999908447266,118.81240844726562,332607200,106.86449951171875
2020-09-08,113.94999694824219,118.98999786376953,112.68000030517578,112.81999969482422,110.81692504882812,231366600,107.35274948120117
2020-09-09,117.26000213623047,119.13999938964844,115.26000213623047,117.31999969482422,115.2370376586914,176940500,107.89024948120117
2020-09-10,120.36000061035156,120.5,112.5,113.48999786376953,111.47503662109375,182274400,108.33604949951172
2020-09-11,114.56999969482422,115.2300033569336,110.0,112.0,110.01150512695312,180860300,108.7554995727539
2020-09-14,114.72000122070312,115.93000030517578,112.80000305175781,115.36000061035156,113.31184387207031,140150100,109.24214965820312
2020-09-15,118.33000183105469,118.83000183105469,113.61000061035156,115.54000091552734,113.48865509033203,184642000,109.6836996459961
2020-09-16,115.2300033569336,116.0,112.04000091552734,112.12999725341797,110.1391830444336,154679000,110.06284957885742
2020-09-17,109.72000122070312,112.19999694824219,108.70999908447266,110.33999633789062,108.38097381591797,178011000,110.36279953002929
2020-09-18,110.4000015258789,110.87999725341797,106.08999633789062,106.83999633789062,104.94309997558594,287104900,110.58454940795899
2020-09-21,104.54000091552734,110.19000244140625,103.0999984741211,110.08000183105469,108.12559509277344,195713800,110.86774948120117
2020-09-22,112.68000030517578,112.86000061035156,109.16000366210938,111.80999755859375,109.82485961914062,183055400,111.1943994140625
2020-09-23,111.62000274658203,112.11000061035156,106.7699966430664,107.12000274658203,105.21813201904297,150718700,111.3956494140625
2020-09-24,105.16999816894531,110.25,105.0,108.22000122070312,106.29861450195312,167743300,111.60554946899414
2020-09-25,108.43000030517578,112.44000244140625,107.66999816894531,112.27999877929688,110.28652954101562,149981400,111.92069946289062
2020-09-28,115.01000213623047,115.31999969482422,112.77999877929688,114.95999908447266,112.9189453125,137672400,112.29334945678711
2020-09-29,114.55000305175781,115.30999755859375,113.56999969482422,114.08999633789062,112.06437683105469,99382200,112.60799942016601
2020-09-30,113.79000091552734,117.26000213623047,113.62000274658203,115.80999755859375,113.75384521484375,142675200,112.9841993713379
2020-10-01,117.63999938964844,117.72000122070312,115.83000183105469,116.79000091552734,114.71646118164062,116120400,113.37454940795898
2020-10-02,112.88999938964844,115.37000274658203,112.22000122070312,113.0199966430664,111.01337432861328,144712000,113.77804931640625
2020-10-05,113.91000366210938,116.6500015258789,113.55000305175781,116.5,114.43159484863281,106243800,114.25574935913086
2020-10-06,115.69999694824219,116.12000274658203,112.25,113.16000366210938,111.1509017944336,161498200,114.62274948120117
2020-10-07,114.62000274658203,115.55000305175781,114.12999725341797,115.08000183105469,113.03682708740234,96849000,115.05929946899414
2020-10-08,116.25,116.4000015258789,114.58999633789062,114.97000122070312,112.92877197265625,83477200,115.45789947509766
2020-10-09,115.27999877929688,117.0,114.91999816894531,116.97000122070312,114.89326477050781,100506900,115.8734994506836
2020-10-12,120.05999755859375,125.18000030517578,119.27999877929688,124.4000015258789,122.19133758544922,240226800,116.23629943847656
2020-10-13,125.2699966430664,125.38999938964844,119.6500015258789,121.0999984741211,118.9499282836914,262330500,116.47954940795898
2020-10-14,121.0,123.02999877929688,119.62000274658203,121.19000244140625,119.038330078125,150712000,116.71004943847656
2020-10-15,118.72000122070312,121.19999694824219,118.1500015258789,120.70999908447266,118.56686401367188,112559200,116.92299942016602
2020-10-16,121.27999877929688,121.55000305175781,118.80999755859375,119.0199966430664,116.90685272216797,115393800,117.02534942626953
2020-10-19,119.95999908447266,120.41999816894531,115.66000366210938,115.9800033569336,113.92084503173828,120639300,117.12269943237305
2020-10-20,116.19999694824219,118.9800033569336,115.62999725341797,117.51000213623047,115.42367553710938,124423700,117.21834945678711
2020-10-21,116.66999816894531,118.70999908447266,116.44999694824219,116.87000274658203,114.79502868652344,89946000,117.36824951171874
2020-10-22,117.44999694824219,118.04000091552734,114.58999633789062,115.75,113.69491577148438,101988000,117.42304946899414
2020-10-23,116.38999938964844,116.55000305175781,114.27999877929688,115.04000091552734,112.99751281738281,82572600,117.42364944458008
2020-10-26,114.01000213623047,116.55000305175781,112.87999725341797,115.05000305175781,113.00733184814453,111850700,117.42649948120118
2020-10-27,115.48999786376953,117.27999877929688,114.54000091552734,116.5999984741211,114.52981567382812,92276800,117.46634948730468
2020-10-28,115.05000305175781,115.43000030517578,111.0999984741211,111.19999694824219,109.22570037841797,143937800,117.37909942626953
2020-10-29,112.37000274658203,116.93000030517578,112.19999694824219,115.31999969482422,113.27254486083984,146129200,117.37134948730468
2020-10-30,111.05999755859375,111.98999786376953,107.72000122070312,108.86000061035156,106.92724609375,190272600,117.18304946899414
2020-11-02,109.11000061035156,110.68000030517578,107.31999969482422,108.7699966430664,106.83883666992188,122866900,116.87104934692383
2020-11-03,109.66000366210938,111.48999786376953,108.7300033569336,110.44000244140625,108.47920227050781,107624400,116.56269943237305
2020-11-04,114.13999938964844,115.58999633789062,112.3499984741211,114.94999694824219,112.90911102294922,138235500,116.36519943237305
2020-11-05,117.94999694824219,119.62000274658203,116.87000274658203,119.02999877929688,116.91667175292969,126387100,116.21534942626953
2020-11-06,118.31999969482422,119.19999694824219,116.12999725341797,118.69000244140625,116.78385925292969,114457900,116.08894943237304
2020-11-09,120.5,121.98999786376953,116.05000305175781,116.31999969482422,114.45191192626953,154515300,115.9191993713379
2020-11-10,115.55000305175781,117.58999633789062,114.12999725341797,115.97000122070312,114.10753631591797,138023400,115.6577995300293
2020-11-11,117.19000244140625,119.62999725341797,116.44000244140625,119.48999786376953,117.57099151611328,112295000,115.36399963378906
2020-11-12,119.62000274658203,120.52999877929688,118.56999969482422,119.20999908447266,117.29550170898438,103162300,115.12019973754883
2020-11-13,119.44000244140625,119.66999816894531,117.87000274658203,119.26000213623047,117.3447036743164,81581900,115.08779983520508
2020-11-16,118.91999816894531,120.98999786376953,118.1500015258789,120.30000305175781,118.36799621582031,91183000,115.07459991455079
2020-11-17,119.55000305175781,120.66999816894531,118.95999908447266,119.38999938964844,117.47261047363281,74271000,115.20599990844727
2020-11-18,118.61000061035156,119.81999969482422,118.0,118.02999877929688,116.13446044921875,76322100,115.22019989013671
2020-11-19,117.58999633789062,119.05999755859375,116.80999755859375,118.63999938964844,116.73465728759766,74113000,115.3231999206543
2020-11-20,118.63999938964844,118.7699966430664,117.29000091552734,117.33999633789062,115.45552825927734,73604300,115.4299998474121
2020-11-23,117.18000030517578,117.62000274658203,113.75,113.8499984741211,112.0215835571289,127959300,115.3997998046875
2020-11-24,113.91000366210938,115.8499984741211,112.58999633789062,115.16999816894531,113.32039642333984,113874200,115.39239974975585
2020-11-25,115.55000305175781,116.75,115.16999816894531,116.02999877929688,114.16656494140625,76499200,115.47039978027344
2020-11-27,116.56999969482422,117.48999786376953,116.22000122070312,116.58999633789062,114.71758270263672,46691300,115.59539978027344
2020-11-30,116.97000122070312,120.97000122070312,116.80999755859375,119.05000305175781,117.1380844116211,169410200,115.83959991455077
2020-12-01,121.01000213623047,123.47000122070312,120.01000213623047,122.72000122070312,120.74913024902344,127728200,116.09239990234374
2020-12-02,122.0199966430664,123.37000274658203,120.88999938964844,123.08000183105469,121.10334014892578,89004200,116.31779998779297
2020-12-03,123.5199966430664,123.77999877929688,122.20999908447266,122.94000244140625,120.9655990600586,78967600,116.63419998168945
2020-12-04,122.5999984741211,122.86000061035156,121.5199966430664,122.25,120.28668212890625,78260400,116.91479995727539
2020-12-07,122.30999755859375,124.56999969482422,122.25,123.75,121.76258850097656,86712000,117.14419998168945
2020-12-08,124.37000274658203,124.9800033569336,123.08999633789062,124.37999725341797,122.38247680664062,82225500,117.33259994506835
2020-12-09,124.52999877929688,125.94999694824219,121.0,121.77999877929688,119.82422637939453,115089200,117.48639999389648
2020-12-10,120.5,123.87000274658203,120.1500015258789,123.23999786376953,121.26077270507812,81312200,117.635
2020-12-11,122.43000030517578,122.76000213623047,120.55000305175781,122.41000366210938,120.4441146850586,86939800,117.74740005493165
2020-12-14,122.5999984741211,123.3499984741211,121.54000091552734,121.77999877929688,119.82422637939453,79184500,117.92260009765624
2020-12-15,124.33999633789062,127.9000015258789,124.12999725341797,127.87999725341797,125.82626342773438,157243700,118.1502000427246
2020-12-16,127.41000366210938,128.3699951171875,126.55999755859375,127.80999755859375,125.75737762451172,98208600,118.4431999206543
2020-12-17,128.89999389648438,129.5800018310547,128.0399932861328,128.6999969482422,126.63308715820312,94359800,118.71559982299804
2020-12-18,128.9600067138672,129.10000610351562,126.12000274658203,126.66000366210938,124.62584686279297,192541500,118.94939987182617
2020-12-21,125.0199966430664,128.30999755859375,123.44999694824219,128.22999572753906,126.17064666748047,121251600,119.1745997619629
2020-12-22,131.61000061035156,134.41000366210938,129.64999389648438,131.8800048828125,129.76202392578125,168904800,119.32419982910156
2020-12-23,132.16000366210938,132.42999267578125,130.77999877929688,130.9600067138672,128.8568115234375,88223700,119.52139999389648
2020-12-24,131.32000732421875,133.4600067138672,131.10000610351562,131.97000122070312,129.85057067871094,54930100,119.73699996948243
2020-12-28,133.99000549316406,137.33999633789062,133.50999450683594,136.69000244140625,134.49478149414062,124486200,120.05660003662109
2020-12-29,138.0500030517578,138.7899932861328,134.33999633789062,134.8699951171875,132.70399475097656,121047300,120.37360000610352
2020-12-30,135.5800018310547,135.99000549316406,133.39999389648438,133.72000122070312,131.57249450683594,96452100,120.7283999633789
2020-12-31,134.0800018310547,134.74000549316406,131.72000122070312,132.69000244140625,130.5590057373047,99116600,121.03199996948243
2021-01-04,133.52000427246094,133.61000061035156,126.76000213623047,129.41000366210938,127.33170318603516,143301900,121.28279998779297
2021-01-05,128.88999938964844,131.74000549316406,128.42999267578125,131.00999450683594,128.90599060058594,97664900,121.58799987792969
2021-01-06,127.72000122070312,131.0500030517578,126.37999725341797,126.5999984741211,124.56681823730469,155088000,121.81919982910156
2021-01-07,128.36000061035156,131.6300048828125,127.86000061035156,130.9199981689453,128.81744384765625,109578200,122.13659973144532
2021-01-08,132.42999267578125,132.6300048828125,130.22999572753906,132.0500030517578,129.9292755126953,105158200,122.44559982299805
2021-01-11,129.19000244140625,130.1699981689453,128.5,128.97999572753906,126.90859985351562,100384500,122.80119979858398
2021-01-12,128.5,129.69000244140625,126.86000061035156,128.8000030517578,126.73149871826172,91951100,123.07079986572266
2021-01-13,128.75999450683594,131.4499969482422,128.49000549316406,130.88999938964844,128.78794860839844,88636800,123.51139984130859
2021-01-14,130.8000030517578,131.0,128.75999450683594,128.91000366210938,126.83972930908203,90221800,123.91419998168945
2021-01-15,128.77999877929688,130.22000122070312,127.0,127.13999938964844,125.09814453125,111598500,124.2481999206543
2021-01-19,127.77999877929688,128.7100067138672,126.94000244140625,127.83000183105469,125.77706146240234,90757300,124.50580001831055
2021-01-20,128.66000366210938,132.49000549316406,128.5500030517578,132.02999877929688,129.90960693359375,104319500,124.76580001831054
2021-01-21,133.8000030517578,139.6699981689453,133.58999633789062,136.8699951171875,134.67190551757812,120150900,125.12939987182617
2021-01-22,136.27999877929688,139.85000610351562,135.02000427246094,139.07000732421875,136.8365478515625,114459400,125.58440002441407
2021-01-25,143.07000732421875,145.08999633789062,136.5399932861328,142.9199981689453,140.62472534179688,157611700,126.1233999633789
2021-01-26,143.60000610351562,144.3000030517578,141.3699951171875,143.16000366210938,140.86087036132812,98390600,126.5968000793457
2021-01-27,143.42999267578125,144.3000030517578,140.41000366210938,142.05999755859375,139.77853393554688,140843800,127.05380004882812
2021-01-28,139.52000427246094,141.99000549316406,136.6999969482422,137.08999633789062,134.88836669921875,142621100,127.41039993286132
2021-01-29,135.8300018310547,136.74000549316406,130.2100067138672,131.9600067138672,129.8407440185547,177523800,127.64360000610351
2021-02-01,133.75,135.3800048828125,130.92999267578125,134.13999938964844,131.98570251464844,106239800,127.93860000610351
2021-02-02,135.72999572753906,136.30999755859375,134.61000061035156,134.99000549316406,132.8220977783203,83305400,128.27780014038086
2021-02-03,135.75999450683594,135.77000427246094,133.61000061035156,133.94000244140625,131.78892517089844,89880900,128.583800201416
2021-02-04,136.3000030517578,137.39999389648438,134.58999633789062,137.38999938964844,135.1835479736328,84183100,128.98480026245116
2021-02-05,137.35000610351562,137.4199981689453,135.86000061035156,136.75999450683594,134.76473999023438,75693800,129.44300018310548
2021-02-08,136.02999877929688,136.9600067138672,134.9199981689453,136.91000366210938,134.91253662109375,71297200,129.87780029296874
2021-02-09,136.6199951171875,137.8800048828125,135.85000610351562,136.00999450683594,134.02566528320312,76774200,130.27740020751952
2021-02-10,136.47999572753906,136.99000549316406,134.39999389648438,135.38999938964844,133.41468811035156,73046600,130.6534002685547
2021-02-11,135.89999389648438,136.38999938964844,133.77000427246094,135.1300048828125,133.1585235595703,64280000,130.97500030517577
2021-02-12,134.35000610351562,135.52999877929688,133.69000244140625,135.3699951171875,133.39500427246094,60145100,131.22800018310548
2021-02-16,135.49000549316406,136.00999450683594,132.7899932861328,133.19000244140625,131.24681091308594,80576300,131.4302001953125
2021-02-17,131.25,132.22000122070312,129.47000122070312,130.83999633789062,128.9311065673828,97918500,131.58820007324218
2021-02-18,129.1999969482422,130.0,127.41000366210938,129.7100067138672,127.81757354736328,96856700,131.73740020751953
2021-02-19,130.24000549316406,130.7100067138672,128.8000030517578,129.8699951171875,127.97525787353516,87668800,131.85980010986327
2021-02-22,128.00999450683594,129.72000122070312,125.5999984741211,126.0,124.16171264648438,103916400,131.89220016479493
2021-02-23,123.76000213623047,126.70999908447266,118.38999938964844,125.86000061035156,124.02376556396484,158273000,131.97380020141603
2021-02-24,124.94000244140625,125.55999755859375,122.2300033569336,125.3499984741211,123.52119445800781,111039900,132.01600021362304
2021-02-25,124.68000030517578,126.45999908447266,120.54000091552734,120.98999786376953,119.22480773925781,148199500,131.98760009765624
2021-02-26,122.58999633789062,124.8499984741211,121.19999694824219,121.26000213623047,119.4908676147461,164560400,131.9772001647949
2021-03-01,123.75,127.93000030517578,122.79000091552734,127.79000091552734,125.92560577392578,116307900,131.9754002380371
2021-03-02,128.41000366210938,128.72000122070312,125.01000213623047,125.12000274658203,123.29457092285156,102260900,131.92160034179688
2021-03-03,124.80999755859375,125.70999908447266,121.83999633789062,122.05999755859375,120.27919006347656,112966300,131.7888003540039
2021-03-04,121.75,123.5999984741211,118.62000274658203,120.12999725341797,118.37734985351562,178155000,131.6582002258301
2021-03-05,120.9800033569336,121.94000244140625,117.56999969482422,121.41999816894531,119.64852905273438,153766600,131.5220002746582
2021-03-08,120.93000030517578,121.0,116.20999908447266,116.36000061035156,114.66236877441406,154376600,131.21160018920898
2021-03-09,119.02999877929688,122.05999755859375,118.79000091552734,121.08999633789062,119.32335662841797,129525800,131.01419998168944
2021-03-10,121.69000244140625,122.16999816894531,119.44999694824219,119.9800033569336,118.22954559326172,111943300,130.77440002441406
2021-03-11,122.54000091552734,123.20999908447266,121.26000213623047,121.95999908447266,120.18065643310547,103026500,130.4797999572754
2021-03-12,120.4000015258789,121.16999816894531,119.16000366210938,121.02999877929688,119.26422882080078,88105100,130.2030000305176
2021-03-15,121.41000366210938,124.0,120.41999816894531,123.98999786376953,122.1810302734375,92403800,130.0083999633789
2021-03-16,125.69999694824219,127.22000122070312,124.72000122070312,125.56999969482422,123.73798370361328,115227900,129.86599990844726
2021-03-17,124.05000305175781,125.86000061035156,122.33999633789062,124.76000213623047,122.9397964477539,111932600,129.7729998779297
2021-03-18,122.87999725341797,123.18000030517578,120.31999969482422,120.52999877929688,118.77153015136719,121229700,129.5633999633789
2021-03-19,119.9000015258789,121.43000030517578,119.68000030517578,119.98999786376953,118.23939514160156,185549500,129.43119995117186
2021-03-22,120.33000183105469,123.87000274658203,120.26000213623047,123.38999938964844,121.58978271484375,111912300,129.28059997558594
2021-03-23,123.33000183105469,124.23999786376953,122.13999938964844,122.54000091552734,120.75218963623047,95467100,129.09039993286132
2021-03-24,122.81999969482422,122.9000015258789,120.06999969482422,120.08999633789062,118.33792877197266,88530500,128.91259994506837
2021-03-25,119.54000091552734,121.66000366210938,119.0,120.58999633789062,118.83063507080078,98844700,128.74839981079103
2021-03-26,120.3499984741211,121.4800033569336,118.91999816894531,121.20999908447266,119.44158935546875,94071200,128.5547998046875
2021-03-29,121.6500015258789,122.58000183105469,120.7300033569336,121.38999938964844,119.61897277832031,80819200,128.40439971923828
2021-03-30,120.11000061035156,120.4000015258789,118.86000061035156,119.9000015258789,118.15071868896484,85671900,128.2595997619629
2021-03-31,121.6500015258789,123.5199966430664,121.1500015258789,122.1500015258789,120.36788940429688,118323800,128.14599975585938
2021-04-01,123.66000366210938,124.18000030517578,122.48999786376953,123.0,121.20548248291016,75089100,127.96539978027344
2021-04-05,123.87000274658203,126.16000366210938,123.06999969482422,125.9000015258789,124.06317138671875,88651200,127.74599990844726
2021-04-06,126.5,127.12999725341797,125.6500015258789,126.20999908447266,124.36864471435547,80171300,127.48879974365235
2021-04-07,125.83000183105469,127.91999816894531,125.13999938964844,127.9000015258789,126.03399658203125,83466700,127.18839981079101
2021-04-08,128.9499969482422,130.38999938964844,128.52000427246094,130.36000061035156,128.45809936523438,88844600,126.93239974975586
2021-04-09,129.8000030517578,133.0399932861328,129.47000122070312,133.0,131.05958557128906,106686700,126.75119979858398
2021-04-12,132.52000427246094,132.85000610351562,130.6300048828125,131.24000549316406,129.3252716064453,91420000,126.63419998168945
2021-04-13,132.44000244140625,134.66000366210938,131.92999267578125,134.42999267578125,132.46871948242188,91266500,126.68359970092773
2021-04-14,134.94000244140625,135.0,131.66000366210938,132.02999877929688,130.10372924804688,87222800,126.6413996887207
2021-04-15,133.82000732421875,135.0,133.63999938964844,134.5,132.5377197265625,89347100,126.63159957885742
2021-04-16,134.3000030517578,134.6699981689453,133.27999877929688,134.16000366210938,132.20266723632812,84922400,126.63599960327149
2021-04-19,133.50999450683594,135.47000122070312,133.33999633789062,134.83999633789062,132.8727569580078,94264200,126.58499954223633
2021-04-20,135.02000427246094,135.52999877929688,131.80999755859375,133.11000061035156,131.16798400878906,94812300,126.51199966430664
2021-04-21,132.36000061035156,133.75,131.3000030517578,133.5,131.5523223876953,68847100,126.44379959106445
2021-04-22,133.0399932861328,134.14999389648438,131.41000366210938,131.94000244140625,130.01507568359375,84566500,126.36239974975587
2021-04-23,132.16000366210938,135.1199951171875,132.16000366210938,134.32000732421875,132.3603515625,78657500,126.34099990844726
2021-04-26,134.8300018310547,135.05999755859375,133.55999755859375,134.72000122070312,132.7544708251953,66905100,126.33279983520508
2021-04-27,135.00999450683594,135.41000366210938,134.11000061035156,134.38999938964844,132.42930603027344,66015800,126.3131999206543
2021-04-28,134.30999755859375,135.02000427246094,133.0800018310547,133.5800018310547,131.63113403320312,107760100,126.32099990844726
2021-04-29,136.47000122070312,137.07000732421875,132.4499969482422,133.47999572753906,131.5325927734375,151101000,126.37379989624023
2021-04-30,131.77999877929688,133.55999755859375,131.07000732421875,131.4600067138672,129.54208374023438,109839500,126.40879989624024
2021-05-03,132.0399932861328,134.07000732421875,131.8300018310547,132.5399932861328,130.60630798339844,75135100,126.46219985961915
2021-05-04,131.19000244140625,131.49000549316406,126.69999694824219,127.8499984741211,125.98472595214844,137564700,126.49919982910156
2021-05-05,129.1999969482422,130.4499969482422,127.97000122070312,128.10000610351562,126.2310791015625,84000900,126.54399993896484
2021-05-06,127.88999938964844,129.75,127.12999725341797,129.74000549316406,127.84716796875,78128300,126.63180007934571
2021-05-07,130.85000610351562,131.25999450683594,129.47999572753906,130.2100067138672,128.5282440185547,78973300,126.81620025634766
2021-05-10,129.41000366210938,129.5399932861328,126.80999755859375,126.8499984741211,125.21162414550781,88071200,126.92800018310547
2021-05-11,123.5,126.2699966430664,122.7699966430664,125.91000366210938,124.28377532958984,126142800,126.8904002380371
2021-05-12,123.4000015258789,124.63999938964844,122.25,122.7699966430664,121.184326171875,112172300,126.8434001159668
2021-05-13,124.58000183105469,126.1500015258789,124.26000213623047,124.97000122070312,123.35591888427734,105861300,126.90160018920898
2021-05-14,126.25,127.88999938964844,125.8499984741211,127.44999694824219,125.80387115478516,81918000,127.04800018310547
2021-05-17,126.81999969482422,126.93000030517578,125.16999816894531,126.2699966430664,124.63912963867188,74244600,127.1450001525879
2021-05-18,126.55999755859375,126.98999786376953,124.77999877929688,124.8499984741211,123.23746490478516,63342900,127.31480010986328
2021-05-19,123.16000366210938,124.91999816894531,122.86000061035156,124.69000244140625,123.07952880859375,92612000,127.38680023193359
2021-05-20,125.2300033569336,127.72000122070312,125.0999984741211,127.30999755859375,125.66569519042969,76857100,127.5334001159668
2021-05-21,127.81999969482422,128.0,125.20999908447266,125.43000030517578,123.80997467041016,79295400,127.60280014038086
2021-05-24,126.01000213623047,127.94000244140625,125.94000244140625,127.0999984741211,125.4583969116211,63092900,127.72420013427734
2021-05-25,127.81999969482422,128.32000732421875,126.31999969482422,126.9000015258789,125.260986328125,72009500,127.78240020751953
2021-05-26,126.95999908447266,127.38999938964844,126.41999816894531,126.8499984741211,125.21162414550781,56575900,127.80800018310546
2021-05-27,126.44000244140625,127.63999938964844,125.08000183105469,125.27999877929688,123.66190338134766,94625600,127.8184001159668
2021-05-28,125.56999969482422,125.80000305175781,124.55000305175781,124.61000061035156,123.00057220458984,71311100,127.9000001525879
2021-06-01,125.08000183105469,125.3499984741211,123.94000244140625,124.27999877929688,122.6748275756836,67637100,127.98580017089844
2021-06-02,124.27999877929688,125.23999786376953,124.05000305175781,125.05999755859375,123.44474792480469,59278900,128.01920013427736
2021-06-03,124.68000030517578,124.8499984741211,123.12999725341797,123.54000091552734,121.94438934326172,76229200,128.03920013427734
2021-06-04,124.06999969482422,126.16000366210938,123.8499984741211,125.88999938964844,124.2640380859375,75169300,128.1552001953125
2021-06-07,126.16999816894531,126.31999969482422,124.83000183105469,125.9000015258789,124.27391052246094,71057600,128.26140029907228
2021-06-08,126.5999984741211,128.4600067138672,126.20999908447266,126.73999786376953,125.10305786132812,74403800,128.3720002746582
2021-06-09,127.20999908447266,127.75,126.5199966430664,127.12999725341797,125.48802185058594,56877900,128.4868002319336
2021-06-10,127.0199966430664,128.19000244140625,125.94000244140625,126.11000061035156,124.48118591308594,71186400,128.61100021362304
2021-06-11,126.52999877929688,127.44000244140625,126.0999984741211,127.3499984741211,125.7051773071289,53522400,128.7150001525879
2021-06-14,127.81999969482422,130.5399932861328,127.06999969482422,130.47999572753906,128.79473876953125,96906500,128.86460006713867
2021-06-15,129.94000244140625,130.60000610351562,129.38999938964844,129.63999938964844,127.96562957763672,62746300,128.93940002441406
2021-06-16,130.3699951171875,130.88999938964844,128.4600067138672,130.14999389648438,128.468994140625,91815000,129.0181999206543
2021-06-17,129.8000030517578,132.5500030517578,129.64999389648438,131.7899932861328,130.08782958984375,96721700,129.09599975585937
2021-06-18,130.7100067138672,131.50999450683594,130.24000549316406,130.4600067138672,128.7750244140625,108953300,129.09799987792968
2021-06-21,130.3000030517578,132.41000366210938,129.2100067138672,132.3000030517578,130.59124755859375,79663300,129.08399993896484
2021-06-22,132.1300048828125,134.0800018310547,131.6199951171875,133.97999572753906,132.2495574951172,74783600,129.13879974365236
2021-06-23,133.77000427246094,134.32000732421875,133.22999572753906,133.6999969482422,131.97315979003906,60214200,129.12419982910157
2021-06-24,134.4499969482422,134.63999938964844,132.92999267578125,133.41000366210938,131.68690490722656,68711000,129.1517999267578
2021-06-25,133.4600067138672,133.88999938964844,132.80999755859375,133.11000061035156,131.39077758789062,70783700,129.12399993896486
2021-06-28,133.41000366210938,135.25,133.35000610351562,134.77999877929688,133.0392303466797,62111300,129.1363998413086
2021-06-29,134.8000030517578,136.49000549316406,134.35000610351562,136.3300018310547,134.56918334960938,64556100,129.16619995117188
2021-06-30,136.1699981689453,137.41000366210938,135.8699951171875,136.9600067138672,135.19105529785156,63261400,129.24320007324218
2021-07-01,136.60000610351562,137.3300018310547,135.75999450683594,137.27000427246094,135.49703979492188,52485800,129.3186001586914
2021-07-02,137.89999389648438,140.0,137.75,139.9600067138672,138.1522979736328,78852600,129.47900024414062
2021-07-06,140.07000732421875,143.14999389648438,140.07000732421875,142.02000427246094,140.18569946289062,108181800,129.63300018310548
2021-07-07,143.5399932861328,144.88999938964844,142.66000366210938,144.57000732421875,142.70277404785156,104911600,129.8300003051758
2021-07-08,141.5800018310547,144.05999755859375,140.6699981689453,143.24000549316406,141.3899383544922,105575500,130.00700042724608
2021-07-09,142.75,145.64999389648438,142.64999389648438,145.11000061035156,143.23577880859375,99890800,130.23760040283204
2021-07-12,146.2100067138672,146.32000732421875,144.0,144.5,142.6337127685547,76299700,130.45800048828124
2021-07-13,144.02999877929688,147.4600067138672,143.6300048828125,145.63999938964844,143.7589569091797,100827100,130.74160034179687
2021-07-14,148.10000610351562,149.57000732421875,147.67999267578125,149.14999389648438,147.22361755371094,127050800,131.0738003540039
2021-07-15,149.24000549316406,150.0,147.08999633789062,148.47999572753906,146.56227111816406,106820300,131.48640029907227
2021-07-16,148.4600067138672,149.75999450683594,145.8800048828125,146.38999938964844,144.49928283691406,93251400,131.8522001647949
2021-07-19,143.75,144.07000732421875,141.6699981689453,142.4499969482422,140.61012268066406,121434600,132.10639999389647
2021-07-20,143.4600067138672,147.10000610351562,142.9600067138672,146.14999389648438,144.26235961914062,96350000,132.42519973754884
2021-07-21,145.52999877929688,146.1300048828125,144.6300048828125,145.39999389648438,143.52203369140625,74993500,132.7961996459961
2021-07-22,145.94000244140625,148.1999969482422,145.80999755859375,146.8000030517578,144.90394592285156,77338200,133.21399963378906
2021-07-23,147.5500030517578,148.72000122070312,146.9199981689453,148.55999755859375,146.64122009277344,71447400,133.72979965209962
2021-07-26,148.27000427246094,149.8300018310547,147.6999969482422,148.99000549316406,147.06564331054688,72434100,134.21019973754883
2021-07-27,149.1199951171875,149.2100067138672,145.5500030517578,146.77000427246094,144.8743438720703,104818600,134.5965998840332
2021-07-28,144.80999755859375,146.97000122070312,142.5399932861328,144.97999572753906,143.1074676513672,118931200,134.97079986572265
2021-07-29,144.69000244140625,146.5500030517578,144.5800018310547,145.63999938964844,143.7589569091797,56699500,135.38659988403322
2021-07-30,144.3800048828125,146.3300018310547,144.11000061035156,145.86000061035156,143.97607421875,70440600,135.80999984741212
2021-08-02,146.36000061035156,146.9499969482422,145.25,145.52000427246094,143.64048767089844,62880000,136.17419998168944
2021-08-03,145.80999755859375,148.0399932861328,145.17999267578125,147.36000061035156,145.45675659179688,64786600,136.61279998779298
2021-08-04,147.27000427246094,147.7899932861328,146.27999877929688,146.9499969482422,145.05203247070312,56368300,137.0097999572754
2021-08-05,146.97999572753906,147.83999633789062,146.1699981689453,147.05999755859375,145.16062927246094,46397700,137.41299987792968
2021-08-06,146.35000610351562,147.11000061035156,145.6300048828125,146.13999938964844,144.4686279296875,54126800,137.79879989624024
2021-08-09,146.1999969482422,146.6999969482422,145.52000427246094,146.08999633789062,144.419189453125,48908700,138.21499984741212
2021-08-10,146.44000244140625,147.7100067138672,145.3000030517578,145.60000610351562,143.93478393554688,69023100,138.6347999572754
2021-08-11,146.0500030517578,146.72000122070312,145.52999877929688,145.86000061035156,144.19178771972656,48493500,139.06639999389648
2021-08-12,146.19000244140625,149.0500030517578,145.83999633789062,148.88999938964844,147.18714904785156,72282600,139.5430000305176
2021-08-13,148.97000122070312,149.44000244140625,148.27000427246094,149.10000610351562,147.39476013183594,59375000,140.05420013427735
2021-08-16,148.5399932861328,151.19000244140625,146.47000122070312,151.1199951171875,149.39163208007812,103296000,140.55880004882812
2021-08-17,150.22999572753906,151.67999267578125,149.08999633789062,150.19000244140625,148.47230529785156,92229700,141.04460006713867
2021-08-18,149.8000030517578,150.72000122070312,146.14999389648438,146.36000061035156,144.68609619140625,86326000,141.43700012207032
2021-08-19,145.02999877929688,148.0,144.5,146.6999969482422,145.02220153808594,86960300,141.8284001159668
2021-08-20,147.44000244140625,148.5,146.77999877929688,148.19000244140625,146.49517822265625,60549600,142.2700001525879
2021-08-23,148.30999755859375,150.19000244140625,147.88999938964844,149.7100067138672,147.99778747558594,60131800,142.7172003173828
2021-08-24,149.4499969482422,150.86000061035156,149.14999389648438,149.6199951171875,147.9088134765625,48606400,143.10000030517577
2021-08-25,149.80999755859375,150.32000732421875,147.8000030517578,148.36000061035156,146.66322326660156,58991300,143.47440032958986
2021-08-26,148.35000610351562,149.1199951171875,147.50999450683594,147.5399932861328,145.85260009765625,48597200,143.82220031738282
2021-08-27,147.47999572753906,148.75,146.8300018310547,148.60000610351562,146.90048217773438,55802400,144.15840057373046
2021-08-30,149.0,153.49000549316406,148.61000061035156,153.1199951171875,151.3687744140625,90956700,144.61160034179687
2021-08-31,152.66000366210938,152.8000030517578,151.2899932861328,151.8300018310547,150.0935516357422,86453100,145.0022003173828
2021-09-01,152.8300018310547,154.97999572753906,152.33999633789062,152.50999450683594,150.76577758789062,80313700,145.37280029296875
2021-09-02,153.8699951171875,154.72000122070312,152.39999389648438,153.64999389648438,151.89271545410156,71115500,145.77180023193358
2021-09-03,153.75999450683594,154.6300048828125,153.08999633789062,154.3000030517578,152.53529357910156,57808700,146.18960021972657
2021-09-07,154.97000122070312,157.25999450683594,154.38999938964844,156.69000244140625,154.89796447753906,82278300,146.66120025634766
2021-09-08,156.97999572753906,157.0399932861328,153.97999572753906,155.11000061035156,153.3360137939453,74420200,147.06780029296874
2021-09-09,155.49000549316406,156.11000061035156,153.9499969482422,154.07000732421875,152.30792236328125,57305700,147.42260040283202
2021-09-10,155.0,155.47999572753906,148.6999969482422,148.97000122070312,147.26625061035156,140893200,147.66280029296874
2021-09-13,150.6300048828125,151.4199981689453,148.75,149.5500030517578,147.8396453857422,102404300,147.9084002685547
2021-09-14,150.35000610351562,151.07000732421875,146.91000366210938,148.1199951171875,146.4259796142578,109296300,148.0716000366211
2021-09-15,148.55999755859375,149.44000244140625,146.3699951171875,149.02999877929688,147.3255615234375,83281300,148.2117999267578
2021-09-16,148.44000244140625,148.97000122070312,147.22000122070312,148.7899932861328,147.08828735351562,68034100,148.2961996459961
2021-09-17,148.82000732421875,148.82000732421875,145.75999450683594,146.05999755859375,144.3895263671875,129868800,148.3525994873047
2021-09-20,143.8000030517578,144.83999633789062,141.27000427246094,142.94000244140625,141.3052215576172,123478900,148.30919952392577
2021-09-21,143.92999267578125,144.60000610351562,142.77999877929688,143.42999267578125,141.7895965576172,75834000,148.28779937744142
2021-09-22,144.4499969482422,146.42999267578125,143.6999969482422,145.85000610351562,144.18191528320312,76404300,148.29199951171876
2021-09-23,146.64999389648438,147.0800018310547,145.63999938964844,146.8300018310547,145.1507110595703,64838200,148.24559967041014
2021-09-24,145.66000366210938,147.47000122070312,145.55999755859375,146.9199981689453,145.2397003173828,53477900,148.2143997192383
2021-09-27,145.47000122070312,145.9600067138672,143.82000732421875,145.3699951171875,143.70742797851562,74150700,148.19399963378908
2021-09-28,143.25,144.75,141.69000244140625,141.91000366210938,140.28700256347656,108972300,148.1831997680664
2021-09-29,142.47000122070312,144.4499969482422,142.02999877929688,142.8300018310547,141.19647216796875,74602000,148.1167999267578
2021-09-30,143.66000366210938,144.3800048828125,141.27999877929688,141.5,139.88165283203125,89056700,148.03880004882814
2021-10-01,141.89999389648438,142.9199981689453,139.11000061035156,142.64999389648438,141.0185089111328,94639600,147.95579986572267
2021-10-04,141.75999450683594,142.2100067138672,138.27000427246094,139.13999938964844,137.5486602783203,98322000,147.76739990234375
2021-10-05,139.49000549316406,142.24000549316406,139.36000061035156,141.11000061035156,139.4961700439453,80861100,147.6097998046875
2021-10-06,139.47000122070312,142.14999389648438,138.3699951171875,142.0,140.37596130371094,83221100,147.51439971923827
2021-10-07,143.05999755859375,144.22000122070312,142.72000122070312,143.2899932861328,141.65121459960938,61732700,147.48059967041016
2021-10-08,144.02999877929688,144.17999267578125,142.55999755859375,142.89999389648438,141.2656707763672,58773200,147.42579956054686
2021-10-11,142.27000427246094,144.80999755859375,141.80999755859375,142.80999755859375,141.17669677734375,64452200,147.36479949951172
2021-10-12,143.22999572753906,143.25,141.0399932861328,141.50999450683594,139.89154052734375,73035900,147.28459930419922
2021-10-13,141.24000549316406,141.39999389648438,139.1999969482422,140.91000366210938,139.29844665527344,78762700,147.15559936523437
2021-10-14,142.11000061035156,143.8800048828125,141.50999450683594,143.75999450683594,142.11582946777344,69907100,147.09179931640625
2021-10-15,143.77000427246094,144.89999389648438,143.50999450683594,144.83999633789062,143.1834716796875,67940300,147.04739929199218
2021-10-18,143.4499969482422,146.83999633789062,143.16000366210938,146.5500030517578,144.87393188476562,85589200,147.05559936523437
2021-10-19,147.00999450683594,149.1699981689453,146.5500030517578,148.75999450683594,147.0586395263672,76378900,147.1089993286133
2021-10-20,148.6999969482422,149.75,148.1199951171875,149.25999450683594,147.5529327392578,58418800,147.18219909667968
2021-10-21,148.80999755859375,149.63999938964844,147.8699951171875,149.47999572753906,147.77041625976562,61421000,147.25459899902344
2021-10-22,149.69000244140625,150.17999267578125,148.63999938964844,148.69000244140625,146.9894561767578,58883400,147.2505990600586
2021-10-25,148.67999267578125,149.3699951171875,147.6199951171875,148.63999938964844,146.9400177001953,50720600,147.24139892578125
2021-10-26,149.3300018310547,150.83999633789062,149.00999450683594,149.32000732421875,147.61227416992188,60893400,147.20539916992186
2021-10-27,149.36000061035156,149.72999572753906,148.49000549316406,148.85000610351562,147.14764404296875,56094900,147.17859924316406
2021-10-28,149.82000732421875,153.1699981689453,149.72000122070312,152.57000732421875,150.8250732421875,100077900,147.3027993774414
2021-10-29,147.22000122070312,149.94000244140625,146.41000366210938,149.8000030517578,148.0867462158203,124953200,147.36479949951172
2021-11-01,148.99000549316406,149.6999969482422,147.8000030517578,148.9600067138672,147.25637817382812,74588300,147.38019958496093
2021-11-02,148.66000366210938,151.57000732421875,148.64999389648438,150.02000427246094,148.30422973632812,69122000,147.3863995361328
2021-11-03,150.38999938964844,151.97000122070312,149.82000732421875,151.49000549316406,149.7574462890625,54511500,147.42379974365235
2021-11-04,151.5800018310547,152.42999267578125,150.63999938964844,150.9600067138672,149.23348999023438,60394600,147.47579986572265
2021-11-05,151.88999938964844,152.1999969482422,150.05999755859375,151.27999877929688,149.76809692382812,65463900,147.55059997558592
2021-11-08,151.41000366210938,151.57000732421875,150.16000366210938,150.44000244140625,148.93649291992188,55020900,147.58739990234375
2021-11-09,150.1999969482422,151.42999267578125,150.05999755859375,150.80999755859375,149.3027801513672,56787900,147.54119995117188
2021-11-10,150.02000427246094,150.1300048828125,147.85000610351562,147.9199981689453,146.44168090820312,65187100,147.4629998779297
2021-11-11,148.9600067138672,149.42999267578125,147.67999267578125,147.8699951171875,146.3921661376953,41000000,147.37019989013672
2021-11-12,148.42999267578125,150.39999389648438,147.47999572753906,149.99000549316406,148.49099731445312,63804000,147.2970001220703
2021-11-15,150.3699951171875,151.8800048828125,149.42999267578125,150.0,148.5009002685547,59222800,147.21100006103515
2021-11-16,149.94000244140625,151.49000549316406,149.33999633789062,151.0,149.49087524414062,59256200,147.09720001220703
2021-11-17,151.0,155.0,150.99000549316406,153.49000549316406,151.95599365234375,88807000,147.06480010986328
2021-11-18,153.7100067138672,158.6699981689453,153.0500030517578,157.8699951171875,156.29222106933594,137827700,147.14079986572267
2021-11-19,157.64999389648438,161.02000427246094,156.52999877929688,160.5500030517578,158.94544982910156,117305600,147.37239990234374
2021-11-22,161.67999267578125,165.6999969482422,161.0,161.02000427246094,159.4107666015625,117467900,147.60179992675782
2021-11-23,161.1199951171875,161.8000030517578,159.05999755859375,161.41000366210938,159.7968292236328,96041900,147.86760009765624
2021-11-24,160.75,162.13999938964844,159.63999938964844,161.94000244140625,160.32156372070312,69463600,148.12580017089843
2021-11-26,159.57000732421875,160.4499969482422,156.36000061035156,156.80999755859375,155.24282836914062,76959800,148.28620025634766
2021-11-29,159.3699951171875,161.19000244140625,158.7899932861328,160.24000549316406,158.6385498046875,88748200,148.56980041503905
2021-11-30,159.99000549316406,165.52000427246094,159.9199981689453,165.3000030517578,163.64796447753906,174048100,149.0170004272461
2021-12-01,167.47999572753906,170.3000030517578,164.52999877929688,164.77000427246094,163.123291015625,152052500,149.4438006591797
2021-12-02,158.74000549316406,164.1999969482422,157.8000030517578,163.75999450683594,162.1233367919922,136739200,149.8020004272461
2021-12-03,164.02000427246094,164.9600067138672,159.72000122070312,161.83999633789062,160.22254943847656,118023100,150.10220031738282
2021-12-06,164.2899932861328,167.8800048828125,164.27999877929688,165.32000732421875,163.6677703857422,107497000,150.4702005004883
2021-12-07,169.0800018310547,171.5800018310547,168.33999633789062,171.17999267578125,169.46920776367188,120405400,150.98640045166016
2021-12-08,172.1300048828125,175.9600067138672,170.6999969482422,175.0800018310547,173.33023071289062,116998900,151.64980041503907
2021-12-09,174.91000366210938,176.75,173.9199981689453,174.55999755859375,172.8154296875,108923700,152.28440032958986
2021-12-10,175.2100067138672,179.6300048828125,174.69000244140625,179.4499969482422,177.65655517578125,115402700,153.04340026855468
2021-12-13,181.1199951171875,182.1300048828125,175.52999877929688,175.74000549316406,173.983642578125,153237000,153.70520050048827
2021-12-14,175.25,177.74000549316406,172.2100067138672,174.3300018310547,172.58770751953125,139380400,154.4090005493164
2021-12-15,175.11000061035156,179.5,172.30999755859375,179.3000030517578,177.50807189941406,131063300,155.17280059814453
2021-12-16,179.27999877929688,181.13999938964844,170.75,172.25999450683594,170.53842163085938,150185800,155.77800048828124
2021-12-17,169.92999267578125,173.47000122070312,169.69000244140625,171.13999938964844,169.42959594726562,195432700,156.33500061035156
2021-12-20,168.27999877929688,170.5800018310547,167.4600067138672,169.75,168.0535125732422,107499100,156.87200073242187
2021-12-21,171.55999755859375,173.1999969482422,169.1199951171875,172.99000549316406,171.26112365722656,91185900,157.4756008911133
2021-12-22,173.0399932861328,175.86000061035156,172.14999389648438,175.63999938964844,173.88462829589844,92135300,158.15820098876952
2021-12-23,175.85000610351562,176.85000610351562,175.27000427246094,176.27999877929688,174.51821899414062,68356600,158.86560089111327
2021-12-27,177.08999633789062,180.4199981689453,177.07000732421875,180.3300018310547,178.5277557373047,74919600,159.59700103759766
2021-12-28,180.16000366210938,181.3300018310547,178.52999877929688,179.2899932861328,177.49815368652344,79144300,160.2860009765625
2021-12-29,179.3300018310547,180.6300048828125,178.13999938964844,179.3800048828125,177.58726501464844,62348900,160.9426010131836
2021-12-30,179.47000122070312,180.57000732421875,178.08999633789062,178.1999969482422,176.41905212402344,59773000,161.53140106201172
2021-12-31,178.08999633789062,179.22999572753906,177.25999450683594,177.57000732421875,175.79534912109375,64062300,162.09760131835938
2022-01-03,177.8300018310547,182.8800048828125,177.7100067138672,182.00999450683594,180.1909942626953,104487900,162.7482012939453
2022-01-04,182.6300048828125,182.94000244140625,179.1199951171875,179.6999969482422,177.90408325195312,99310400,163.36840118408202
2022-01-05,179.61000061035156,180.1699981689453,174.63999938964844,174.9199981689453,173.1718292236328,94537600,163.89400115966797
2022-01-06,172.6999969482422,175.3000030517578,171.63999938964844,172.0,170.28103637695312,96904000,164.3476010131836
2022-01-07,172.88999938964844,174.13999938964844,171.02999877929688,172.1699981689453,170.44931030273438,86709100,164.81400085449218
2022-01-10,169.0800018310547,172.5,168.1699981689453,172.19000244140625,170.4691162109375,106765600,165.20640075683593
2022-01-11,172.32000732421875,175.17999267578125,170.82000732421875,175.0800018310547,173.33023071289062,76138300,165.71200073242187
2022-01-12,176.1199951171875,177.17999267578125,174.82000732421875,175.52999877929688,173.77572631835938,74805200,166.24340057373047
2022-01-13,175.77999877929688,176.6199951171875,171.7899932861328,172.19000244140625,170.4691162109375,84505800,166.68680053710938
2022-01-14,171.33999633789062,173.77999877929688,171.08999633789062,173.07000732421875,171.34033203125,80440800,167.11840057373047
2022-01-18,171.50999450683594,172.5399932861328,169.41000366210938,169.8000030517578,168.10301208496094,90956700,167.4952005004883
2022-01-19,170.0,171.0800018310547,165.94000244140625,166.22999572753906,164.56866455078125,94815000,167.79420043945314
2022-01-20,166.97999572753906,169.67999267578125,164.17999267578125,164.50999450683594,162.86587524414062,91420500,168.0756002807617
2022-01-21,164.4199981689453,166.3300018310547,162.3000030517578,162.41000366210938,160.786865234375,122848900,168.30760040283204
2022-01-24,160.02000427246094,162.3000030517578,154.6999969482422,161.6199951171875,160.0047607421875,162294600,168.58160034179687
2022-01-25,158.97999572753906,162.75999450683594,157.02000427246094,159.77999877929688,158.1831512451172,115798400,168.81980041503905
2022-01-26,163.5,164.38999938964844,157.82000732421875,159.69000244140625,158.0940704345703,108275300,169.0138003540039
2022-01-27,162.4499969482422,163.83999633789062,158.27999877929688,159.22000122070312,157.62872314453125,121954600,169.19820037841797
2022-01-28,165.7100067138672,170.35000610351562,162.8000030517578,170.3300018310547,168.627685546875,179935700,169.58480041503907
2022-01-31,170.16000366210938,175.0,169.50999450683594,174.77999877929688,173.03323364257812,115541600,170.0106002807617
2022-02-01,174.00999450683594,174.83999633789062,172.30999755859375,174.61000061035156,172.86492919921875,86213900,170.345400390625
2022-02-02,174.75,175.8800048828125,173.3300018310547,175.83999633789062,174.0826416015625,84914300,170.65120025634766
2022-02-03,174.47999572753906,176.24000549316406,172.1199951171875,172.89999389648438,171.17201232910156,89418100,170.88880004882813
2022-02-04,171.67999267578125,174.10000610351562,170.67999267578125,172.38999938964844,170.8845672607422,82465400,171.1083999633789
2022-02-07,172.86000061035156,173.9499969482422,170.9499969482422,171.66000366210938,170.16091918945312,77251200,171.30279998779298
2022-02-08,171.72999572753906,175.35000610351562,171.42999267578125,174.8300018310547,173.30323791503906,74829200,171.6632000732422
2022-02-09,176.0500030517578,176.64999389648438,174.89999389648438,176.27999877929688,174.74057006835938,71285000,171.98399993896484
2022-02-10,174.13999938964844,175.47999572753906,171.5500030517578,172.1199951171875,170.61691284179688,90865900,172.12039978027343
2022-02-11,172.3300018310547,173.0800018310547,168.0399932861328,168.63999938964844,167.1673126220703,98670700,172.1977996826172
2022-02-14,167.3699951171875,169.5800018310547,166.55999755859375,168.8800048828125,167.40521240234375,86185500,172.30019989013672
2022-02-15,170.97000122070312,172.9499969482422,170.25,172.7899932861328,171.28103637695312,62527400,172.51919982910155
2022-02-16,171.85000610351562,173.33999633789062,170.0500030517578,172.5500030517578,171.04315185546875,61177400,172.66379974365233
2022-02-17,171.02999877929688,171.91000366210938,168.47000122070312,168.8800048828125,167.40521240234375,69589300,172.61779998779298
2022-02-18,169.82000732421875,170.5399932861328,166.19000244140625,167.3000030517578,165.83901977539062,82772700,172.46220001220703
2022-02-22,164.97999572753906,166.69000244140625,162.14999389648438,164.32000732421875,162.8850555419922,91162800,172.25740020751954
2022-02-23,165.5399932861328,166.14999389648438,159.75,160.07000732421875,158.67214965820312,90009200,171.86980041503907
2022-02-24,152.5800018310547,162.85000610351562,152.0,162.74000549316406,161.31883239746094,141147500,171.60980041503908
2022-02-25,163.83999633789062,165.1199951171875,160.8699951171875,164.85000610351562,163.41041564941406,91974200,171.42020050048828
2022-02-28,163.05999755859375,165.4199981689453,162.42999267578125,165.1199951171875,163.67803955078125,95056600,171.13660034179688
2022-03-01,164.6999969482422,166.60000610351562,161.97000122070312,163.1999969482422,161.77479553222656,83474400,170.955400390625
2022-03-02,164.38999938964844,167.36000061035156,162.9499969482422,166.55999755859375,165.10546875,79724800,170.8638003540039
2022-03-03,168.47000122070312,168.91000366210938,165.5500030517578,166.22999572753906,164.77833557128906,76678400,170.79340026855468
2022-03-04,164.49000549316406,165.5500030517578,162.10000610351562,163.1699981689453,161.7450714111328,83737200,170.5970001220703
2022-03-07,163.36000061035156,165.02000427246094,159.0399932861328,159.3000030517578,157.90887451171875,96418800,170.2702001953125
2022-03-08,158.82000732421875,162.8800048828125,155.8000030517578,157.44000244140625,156.06512451171875,131148300,169.8934002685547
2022-03-09,161.47999572753906,163.41000366210938,159.41000366210938,162.9499969482422,161.52699279785156,91454900,169.54580017089845
2022-03-10,160.1999969482422,160.38999938964844,155.97999572753906,158.52000427246094,157.13568115234375,105342000,169.130400390625
2022-03-11,158.92999267578125,159.27999877929688,154.5,154.72999572753906,153.3787841796875,96970100,168.63740020751953
2022-03-14,151.4499969482422,154.1199951171875,150.10000610351562,150.6199951171875,149.30465698242188,108732100,168.08580017089844
2022-03-15,150.89999389648438,155.57000732421875,150.3800048828125,155.08999633789062,153.73562622070312,92964300,167.63619995117188
2022-03-16,157.0500030517578,160.0,154.4600067138672,159.58999633789062,158.1963348388672,102300200,167.18779998779297
2022-03-17,158.61000061035156,161.0,157.6300048828125,160.6199951171875,159.21734619140625,75615400,166.80619995117186
2022-03-18,160.50999450683594,164.47999572753906,159.75999450683594,163.97999572753906,162.54798889160156,123511700,166.58739990234375
2022-03-21,163.50999450683594,166.35000610351562,163.00999450683594,165.3800048828125,163.93577575683594,95811400,166.455
2022-03-22,165.50999450683594,169.4199981689453,164.91000366210938,168.82000732421875,167.3457489013672,81532000,166.38800018310548
2022-03-23,167.99000549316406,172.63999938964844,167.64999389648438,170.2100067138672,168.72360229492188,98062700,166.34840026855468
2022-03-24,171.05999755859375,174.13999938964844,170.2100067138672,174.07000732421875,172.5498809814453,90131400,166.32820037841796
2022-03-25,173.8800048828125,175.27999877929688,172.75,174.72000122070312,173.1942138671875,80546200,166.3120004272461
2022-03-28,172.1699981689453,175.72999572753906,172.0,175.60000610351562,174.0665283203125,90371900,166.3802005004883
2022-03-29,176.69000244140625,179.00999450683594,176.33999633789062,178.9600067138672,177.39720153808594,100589400,166.49800048828126
2022-03-30,178.5500030517578,179.61000061035156,176.6999969482422,177.77000427246094,176.2175750732422,92633200,166.65740051269532
2022-03-31,177.83999633789062,178.02999877929688,174.39999389648438,174.61000061035156,173.08517456054688,103049300,166.82500061035157
2022-04-01,174.02999877929688,174.8800048828125,171.94000244140625,174.30999755859375,172.78778076171875,78751300,167.02100067138673
2022-04-04,174.57000732421875,178.49000549316406,174.44000244140625,178.44000244140625,176.88172912597656,76468400,167.34160064697267
2022-04-05,177.5,178.3000030517578,174.4199981689453,175.05999755859375,173.53125,73401800,167.6104006958008
2022-04-06,172.36000061035156,173.6300048828125,170.1300048828125,171.8300018310547,170.32943725585938,89058800,167.85140075683594
2022-04-07,171.16000366210938,173.36000061035156,169.85000610351562,172.13999938964844,170.63674926757812,77594700,168.10040069580077
2022-04-08,171.77999877929688,171.77999877929688,169.1999969482422,170.08999633789062,168.60462951660156,76575500,168.31780059814454
2022-04-11,168.7100067138672,169.02999877929688,165.5,165.75,164.30252075195312,72246700,168.22620056152343
2022-04-12,168.02000427246094,169.8699951171875,166.63999938964844,167.66000366210938,166.19586181640625,79265200,168.0838006591797
2022-04-13,167.38999938964844,171.0399932861328,166.77000427246094,170.39999389648438,168.91192626953125,70618900,167.99960052490235
2022-04-14,170.6199951171875,171.27000427246094,165.0399932861328,165.2899932861328,163.84654235839844,75329400,167.7886004638672
2022-04-18,163.9199981689453,166.60000610351562,163.57000732421875,165.07000732421875,163.62847900390625,69023900,167.6320007324219
2022-04-19,165.02000427246094,167.82000732421875,163.91000366210938,167.39999389648438,165.93812561035156,67723800,167.5322006225586
2022-04-20,168.75999450683594,168.8800048828125,166.10000610351562,167.22999572753906,165.76962280273438,67929800,167.4436004638672
2022-04-21,168.91000366210938,171.52999877929688,165.91000366210938,166.4199981689453,164.96669006347656,87227800,167.275400390625
2022-04-22,166.4600067138672,167.8699951171875,161.5,161.7899932861328,160.3771209716797,84882400,166.98560028076173
2022-04-25,161.1199951171875,163.1699981689453,158.4600067138672,162.8800048828125,161.45762634277344,96046400,166.80080047607422
2022-04-26,162.25,162.33999633789062,156.72000122070312,156.8000030517578,155.4307098388672,95623200,166.5640005493164
2022-04-27,155.91000366210938,159.7899932861328,155.3800048828125,156.57000732421875,155.2027130126953,88063200,166.31780059814454
2022-04-28,159.25,164.52000427246094,158.92999267578125,163.63999938964844,162.21096801757812,130216800,166.13480072021486
2022-04-29,161.83999633789062,166.1999969482422,157.25,157.64999389648438,156.2732696533203,131747600,165.83680053710938
2022-05-02,156.7100067138672,158.22999572753906,153.27000427246094,157.9600067138672,156.58058166503906,123055300,165.61840057373047
2022-05-03,158.14999389648438,160.7100067138672,156.32000732421875,159.47999572753906,158.08731079101562,88966500,165.4620004272461
2022-05-04,159.6699981689453,166.47999572753906,159.25999450683594,166.02000427246094,164.5701904296875,108256500,165.49600036621095
2022-05-05,163.85000610351562,164.0800018310547,154.9499969482422,156.77000427246094,155.40097045898438,130525300,165.43000030517578
2022-05-06,156.00999450683594,159.44000244140625,154.17999267578125,157.27999877929688,156.13558959960938,116124600,165.32080017089845
2022-05-09,154.92999267578125,155.8300018310547,151.49000549316406,152.05999755859375,150.9535369873047,131577900,165.065
2022-05-10,155.52000427246094,156.74000549316406,152.92999267578125,154.50999450683594,153.38572692871094,115366700,164.85279998779296
2022-05-11,153.5,155.4499969482422,145.80999755859375,146.5,145.43402099609375,142689800,164.51880004882813
2022-05-12,142.77000427246094,146.1999969482422,138.8000030517578,142.55999755859375,141.52268981933594,182602000,164.03880004882814
2022-05-13,144.58999633789062,148.10000610351562,143.11000061035156,147.11000061035156,146.03956604003906,113990900,163.65640014648437
2022-05-16,145.5500030517578,147.52000427246094,144.17999267578125,145.5399932861328,144.4810028076172,86643800,163.30380004882812
2022-05-17,148.86000061035156,149.77000427246094,146.67999267578125,149.24000549316406,148.15408325195312,78336300,163.10260009765625
2022-05-18,146.85000610351562,147.36000061035156,139.89999389648438,140.82000732421875,139.7953643798828,109742900,162.7702001953125
2022-05-19,139.8800048828125,141.66000366210938,136.60000610351562,137.35000610351562,136.35060119628906,136095600,162.25820037841797
2022-05-20,139.08999633789062,140.6999969482422,132.61000061035156,137.58999633789062,136.58885192871094,137426100,161.83960021972655
2022-05-23,137.7899932861328,143.25999450683594,137.64999389648438,143.11000061035156,142.0686798095703,117726300,161.60720031738282
2022-05-24,140.80999755859375,141.97000122070312,137.3300018310547,140.36000061035156,139.33868408203125,104132700,161.4020004272461
2022-05-25,138.42999267578125,141.7899932861328,138.33999633789062,140.52000427246094,139.49754333496094,92482700,161.1106005859375
2022-05-26,137.38999938964844,144.33999633789062,137.13999938964844,143.77999877929688,142.73382568359375,90601500,160.79440063476562
2022-05-27,145.38999938964844,149.67999267578125,145.25999450683594,149.63999938964844,148.55117797851562,90978500,160.57480072021485
2022-05-31,149.07000732421875,150.66000366210938,146.83999633789062,148.83999633789062,147.75698852539062,103718400,160.27200073242187
2022-06-01,149.89999389648438,151.74000549316406,147.67999267578125,148.7100067138672,147.62796020507812,74286600,159.93860076904298
2022-06-02,147.8300018310547,151.27000427246094,146.86000061035156,151.2100067138672,150.1097412109375,72348100,159.58640075683593
2022-06-03,146.89999389648438,147.97000122070312,144.4600067138672,145.3800048828125,144.32217407226562,88570300,159.08980072021484
2022-06-06,147.02999877929688,148.57000732421875,144.89999389648438,146.13999938964844,145.07664489746094,71598400,158.53120056152343
2022-06-07,144.35000610351562,149.0,144.10000610351562,148.7100067138672,147.62796020507812,67808200,158.0110006713867
2022-06-08,148.5800018310547,149.8699951171875,147.4600067138672,147.9600067138672,146.8833770751953,53950200,157.45820068359376
2022-06-09,147.0800018310547,147.9499969482422,142.52999877929688,142.63999938964844,141.6021270751953,69473000,156.73180053710936
2022-06-10,140.27999877929688,140.75999450683594,137.05999755859375,137.1300048828125,136.13221740722656,91437900,155.9190005493164
2022-06-13,132.8699951171875,135.1999969482422,131.44000244140625,131.8800048828125,130.92041015625,122207100,155.06440063476563
2022-06-14,133.1300048828125,133.88999938964844,131.47999572753906,132.75999450683594,131.79397583007812,84784300,154.23340057373048
2022-06-15,134.2899932861328,137.33999633789062,132.16000366210938,135.42999267578125,134.44454956054688,91533000,153.37320037841798
2022-06-16,132.0800018310547,132.38999938964844,129.0399932861328,130.05999755859375,129.1136474609375,108123900,152.47320037841797
2022-06-17,130.07000732421875,133.0800018310547,129.80999755859375,131.55999755859375,130.60272216796875,134520300,151.66780029296876
2022-06-21,133.4199981689453,137.05999755859375,133.32000732421875,135.8699951171875,134.88136291503906,81000500,150.94240020751954
2022-06-22,134.7899932861328,137.75999450683594,133.91000366210938,135.35000610351562,134.3651580810547,73409200,150.24760040283203
2022-06-23,136.82000732421875,138.58999633789062,135.6300048828125,138.27000427246094,137.26390075683594,72433800,149.69800048828125
2022-06-24,139.89999389648438,141.91000366210938,139.77000427246094,141.66000366210938,140.62924194335938,89116800,149.17800048828124
2022-06-27,142.6999969482422,143.49000549316406,140.97000122070312,141.66000366210938,140.62924194335938,70207900,148.60320068359374
2022-06-28,142.1300048828125,143.4199981689453,137.32000732421875,137.44000244140625,136.43994140625,67083400,148.04620086669922
2022-06-29,137.4600067138672,140.6699981689453,136.6699981689453,139.22999572753906,138.2169189453125,66242400,147.52940063476564
2022-06-30,137.25,138.3699951171875,133.77000427246094,136.72000122070312,135.72518920898438,98964500,146.91580078125
2022-07-01,136.0399932861328,139.0399932861328,135.66000366210938,138.92999267578125,137.91908264160156,71051600,146.34980072021483
2022-07-05,137.77000427246094,141.61000061035156,136.92999267578125,141.55999755859375,140.52996826171875,73353800,145.8526007080078
2022-07-06,141.35000610351562,144.1199951171875,141.0800018310547,142.9199981689453,141.88006591796875,74064300,145.47520080566406
2022-07-07,143.2899932861328,146.5500030517578,143.27999877929688,146.35000610351562,145.2851104736328,66253700,145.14460083007813
2022-07-08,145.25999450683594,147.5500030517578,145.0,147.0399932861328,145.97007751464844,64547800,144.94940063476562
2022-07-11,145.6699981689453,146.63999938964844,143.77999877929688,144.8699951171875,143.8158721923828,63141600,144.715400390625
2022-07-12,145.75999450683594,148.4499969482422,145.0500030517578,145.86000061035156,144.7986602783203,77588800,144.35980041503908
2022-07-13,142.99000549316406,146.4499969482422,142.1199951171875,145.49000549316406,144.43136596679688,71185600,144.11660064697264
2022-07-14,144.0800018310547,148.9499969482422,143.25,148.47000122070312,147.38967895507812,78140700,143.9268005371094
2022-07-15,149.77999877929688,150.86000061035156,148.1999969482422,150.1699981689453,149.07730102539062,76259900,143.7406005859375
2022-07-18,150.74000549316406,151.57000732421875,146.6999969482422,147.07000732421875,145.99989318847656,81420900,143.36160064697265
2022-07-19,147.9199981689453,151.22999572753906,146.91000366210938,151.0,149.90126037597656,82982400,143.24620056152344
2022-07-20,151.1199951171875,153.72000122070312,150.3699951171875,153.0399932861328,151.9264373779297,64823400,143.16140045166014
2022-07-21,154.5,155.57000732421875,151.94000244140625,155.35000610351562,154.21961975097656,65086600,143.2272006225586
2022-07-22,155.38999938964844,156.27999877929688,153.41000366210938,154.08999633789062,152.9687957763672,66675400,143.2188006591797
2022-07-25,154.00999450683594,155.0399932861328,152.27999877929688,152.9499969482422,151.83709716796875,53623900,143.34780059814454
2022-07-26,152.25999450683594,153.08999633789062,150.8000030517578,151.60000610351562,150.49691772460938,55138700,143.52860076904298
2022-07-27,152.5800018310547,157.3300018310547,152.16000366210938,156.7899932861328,155.6491241455078,78620700,143.7222006225586
2022-07-28,156.97999572753906,157.63999938964844,154.41000366210938,157.35000610351562,156.20509338378906,81378700,143.95840087890625
2022-07-29,161.24000549316406,163.6300048828125,159.5,162.50999450683594,161.3275146484375,101786900,144.2238006591797
2022-08-01,161.00999450683594,163.58999633789062,160.88999938964844,161.50999450683594,160.33477783203125,67829400,144.63760040283202
2022-08-02,160.10000610351562,162.41000366210938,159.6300048828125,160.00999450683594,158.845703125,59907000,145.09080017089843
2022-08-03,160.83999633789062,166.58999633789062,160.75,166.1300048828125,164.9211883544922,82507500,145.66160034179688
2022-08-04,166.00999450683594,167.19000244140625,164.42999267578125,165.80999755859375,164.60350036621094,55474100,146.11560028076173
2022-08-05,163.2100067138672,165.85000610351562,163.0,165.35000610351562,164.3748779296875,56697000,146.615400390625
2022-08-08,166.3699951171875,167.80999755859375,164.1999969482422,164.8699951171875,163.89768981933594,60276900,147.10240020751954
2022-08-09,164.02000427246094,165.82000732421875,163.25,164.9199981689453,163.94740295410156,63135500,147.5252001953125
2022-08-10,167.67999267578125,169.33999633789062,166.89999389648438,169.24000549316406,168.241943359375,70170500,147.91720031738282
2022-08-11,170.05999755859375,170.99000549316406,168.19000244140625,168.49000549316406,167.49635314941406,57149200,148.3102005004883
2022-08-12,169.82000732421875,172.1699981689453,169.39999389648438,172.10000610351562,171.08506774902344,68039400,148.77800048828124
2022-08-15,171.52000427246094,173.38999938964844,171.35000610351562,173.19000244140625,172.1686248779297,54091700,149.21760040283203
2022-08-16,172.77999877929688,173.7100067138672,171.66000366210938,173.02999877929688,172.0095672607422,56377100,149.77060028076173
2022-08-17,172.77000427246094,176.14999389648438,172.57000732421875,174.5500030517578,173.52061462402344,79542000,150.3388003540039
2022-08-18,173.75,174.89999389648438,173.1199951171875,174.14999389648438,173.1229705810547,62290100,150.84760009765625
2022-08-19,173.02999877929688,173.74000549316406,171.30999755859375,171.52000427246094,170.5084686279297,70346300,151.31880004882814
2022-08-22,169.69000244140625,169.86000061035156,167.13999938964844,167.57000732421875,166.581787109375,69026800,151.81740020751954
2022-08-23,167.0800018310547,168.7100067138672,166.64999389648438,167.22999572753906,166.2437744140625,54147100,152.41940002441407
2022-08-24,167.32000732421875,168.11000061035156,166.25,167.52999877929688,166.5419921875,53841500,153.13239990234376
2022-08-25,168.77999877929688,170.13999938964844,168.35000610351562,170.02999877929688,169.02728271484375,51218200,153.87779998779297
2022-08-26,170.57000732421875,171.0500030517578,163.55999755859375,163.6199951171875,162.65504455566406,78961000,154.44160003662108
2022-08-29,161.14999389648438,162.89999389648438,159.82000732421875,161.3800048828125,160.42828369140625,73314000,155.06800018310548
2022-08-30,162.1300048828125,162.55999755859375,157.72000122070312,158.91000366210938,157.9728546142578,77906200,155.61500030517578
2022-08-31,160.30999755859375,160.5800018310547,157.13999938964844,157.22000122070312,156.29281616210938,87991100,156.04200042724608
2022-09-01,156.63999938964844,158.4199981689453,154.6699981689453,157.9600067138672,157.02845764160156,74229900,156.49420043945312
2022-09-02,159.75,160.36000061035156,154.97000122070312,155.80999755859375,154.89111328125,76957800,156.84500030517577
2022-09-06,156.47000122070312,157.08999633789062,153.69000244140625,154.52999877929688,153.61866760253906,73714800,157.10240020751954
2022-09-07,154.82000732421875,156.6699981689453,153.61000061035156,155.9600067138672,155.0402374267578,87449600,157.38840026855468
2022-09-08,154.63999938964844,156.36000061035156,152.67999267578125,154.4600067138672,153.54910278320312,84923800,157.7288003540039
2022-09-09,155.47000122070312,157.82000732421875,154.75,157.3699951171875,156.44192504882812,68028800,158.09160034179686
2022-09-12,159.58999633789062,164.25999450683594,159.3000030517578,163.42999267578125,162.46617126464844,104956000,158.62580017089843
2022-09-13,159.89999389648438,160.5399932861328,153.3699951171875,153.83999633789062,152.9327392578125,122656600,158.92400024414061
2022-09-14,154.7899932861328,157.10000610351562,153.61000061035156,155.30999755859375,154.39407348632812,87965400,159.19900024414062
2022-09-15,154.64999389648438,155.24000549316406,151.3800048828125,152.3699951171875,151.4713897705078,90481100,159.38800018310548
2022-09-16,151.2100067138672,151.35000610351562,148.3699951171875,150.6999969482422,149.81124877929688,162278800,159.475
2022-09-19,149.30999755859375,154.55999755859375,149.10000610351562,154.47999572753906,153.56895446777344,81474200,159.62380004882812
2022-09-20,153.39999389648438,158.0800018310547,153.0800018310547,156.89999389648438,155.97470092773438,107689800,159.86440002441407
2022-09-21,157.33999633789062,158.74000549316406,153.60000610351562,153.72000122070312,152.81346130371094,101696800,160.0216000366211
2022-09-22,152.3800048828125,154.47000122070312,150.91000366210938,152.74000549316406,151.8392333984375,86652500,160.1666000366211
2022-09-23,151.19000244140625,151.47000122070312,148.55999755859375,150.42999267578125,149.54283142089844,96029900,160.20579986572267
2022-09-26,149.66000366210938,153.77000427246094,149.63999938964844,150.77000427246094,149.880859375,93339400,160.21779998779297
2022-09-27,152.74000549316406,154.72000122070312,149.9499969482422,151.75999450683594,150.86500549316406,84442700,160.3115997314453
2022-09-28,147.63999938964844,150.63999938964844,144.83999633789062,149.83999633789062,148.95632934570312,146691400,160.28839965820313
2022-09-29,146.10000610351562,146.72000122070312,140.67999267578125,142.47999572753906,141.63973999023438,128138200,160.07719970703124
2022-09-30,141.27999877929688,143.10000610351562,138.0,138.1999969482422,137.3849639892578,124925300,159.73419952392578
2022-10-03,138.2100067138672,143.07000732421875,137.69000244140625,142.4499969482422,141.6099090576172,114311700,159.50139953613282
2022-10-04,145.02999877929688,146.22000122070312,144.25999450683594,146.10000610351562,145.23838806152344,87830100,159.3643997192383
2022-10-05,144.07000732421875,147.3800048828125,143.00999450683594,146.39999389648438,145.53660583496094,79471000,159.26039947509764
2022-10-06,145.80999755859375,147.5399932861328,145.22000122070312,145.42999267578125,144.5723419189453,68402200,159.03319946289062
2022-10-07,142.5399932861328,143.10000610351562,139.4499969482422,140.08999633789062,139.2638397216797,85925600,158.68799926757814
2022-10-10,140.4199981689453,141.88999938964844,138.57000732421875,140.4199981689453,139.5918731689453,74899000,158.2461993408203
2022-10-11,139.89999389648438,141.35000610351562,138.22000122070312,138.97999572753906,138.16036987304688,77033700,157.79559936523438
2022-10-12,139.1300048828125,140.36000061035156,138.16000366210938,138.33999633789062,137.52415466308594,70433700,157.36219940185546
2022-10-13,134.99000549316406,143.58999633789062,134.3699951171875,142.99000549316406,142.14674377441406,113224000,156.8993994140625
2022-10-14,144.30999755859375,144.52000427246094,138.19000244140625,138.3800048828125,137.5639190673828,88598000,156.35079956054688
2022-10-17,141.07000732421875,142.89999389648438,140.27000427246094,142.41000366210938,141.57015991210938,85250900,155.89199951171875
2022-10-18,145.49000549316406,146.6999969482422,140.61000061035156,143.75,142.90225219726562,99136600,155.469599609375
2022-10-19,141.69000244140625,144.9499969482422,141.5,143.86000061035156,143.0115966796875,61758300,155.04839965820312
2022-10-20,143.02000427246094,145.88999938964844,142.64999389648438,143.38999938964844,142.54437255859375,64522000,154.53139953613282
2022-10-21,142.8699951171875,147.85000610351562,142.64999389648438,147.27000427246094,146.40150451660156,86548600,154.10699951171875
2022-10-24,147.19000244140625,150.22999572753906,146.0,149.4499969482422,148.56863403320312,75981900,153.65399932861328
2022-10-25,150.08999633789062,152.49000549316406,149.36000061035156,152.33999633789062,151.44158935546875,74732300,153.23699920654298
2022-10-26,150.9600067138672,151.99000549316406,148.0399932861328,149.35000610351562,148.46922302246094,88194300,152.76339935302735
2022-10-27,148.07000732421875,149.0500030517578,144.1300048828125,144.8000030517578,143.94606018066406,109180200,152.16839935302735
2022-10-28,148.1999969482422,157.5,147.82000732421875,155.74000549316406,154.82154846191406,164762400,151.80019958496095
2022-10-31,153.16000366210938,154.24000549316406,151.9199981689453,153.33999633789062,152.43568420410156,97943200,151.43659942626954
2022-11-01,155.0800018310547,155.4499969482422,149.1300048828125,150.64999389648438,149.7615509033203,80379300,151.09819915771484
2022-11-02,148.9499969482422,152.1699981689453,145.0,145.02999877929688,144.17469787597656,93604600,150.65419921875
2022-11-03,142.05999755859375,142.8000030517578,138.75,138.8800048828125,138.06097412109375,97918500,150.08119934082032
2022-11-04,142.08999633789062,142.6699981689453,134.3800048828125,138.3800048828125,137.7921142578125,140814800,149.4481994628906
2022-11-07,137.11000061035156,139.14999389648438,135.6699981689453,138.9199981689453,138.32980346679688,83374600,148.95419952392578
2022-11-08,140.41000366210938,141.42999267578125,137.49000549316406,139.5,138.90736389160156,89908500,148.51659942626952
2022-11-09,138.5,138.5500030517578,134.58999633789062,134.8699951171875,134.29702758789062,74917800,148.0357992553711
2022-11-10,141.24000549316406,146.8699951171875,139.5,146.8699951171875,146.2460479736328,118854000,147.82879913330078
2022-11-11,145.82000732421875,150.00999450683594,144.3699951171875,149.6999969482422,149.06402587890625,93979700,147.66359893798827
2022-11-14,148.97000122070312,150.27999877929688,147.42999267578125,148.27999877929688,147.65005493164062,73374100,147.51299896240235
2022-11-15,152.22000122070312,153.58999633789062,148.55999755859375,150.0399932861328,149.40257263183594,89868300,147.42319885253906
2022-11-16,149.1300048828125,149.8699951171875,147.2899932861328,148.7899932861328,148.1578826904297,64218300,147.2797985839844
2022-11-17,146.42999267578125,151.47999572753906,146.14999389648438,150.72000122070312,150.0797119140625,80389400,147.20499847412108
2022-11-18,152.30999755859375,152.6999969482422,149.97000122070312,151.2899932861328,150.6472625732422,74829600,147.0833984375
2022-11-21,150.16000366210938,150.3699951171875,147.72000122070312,148.00999450683594,147.38121032714844,58724100,146.7749984741211
2022-11-22,148.1300048828125,150.4199981689453,146.92999267578125,150.17999267578125,149.54197692871094,51804100,146.7017984008789
2022-11-23,149.4499969482422,151.8300018310547,149.33999633789062,151.07000732421875,150.42822265625,58301400,146.6169985961914
2022-11-25,148.30999755859375,148.8800048828125,147.1199951171875,148.11000061035156,147.4807891845703,35195900,146.5317987060547
2022-11-28,145.13999938964844,146.63999938964844,143.3800048828125,144.22000122070312,143.6072998046875,69246000,146.4021987915039
2022-11-29,144.2899932861328,144.80999755859375,140.35000610351562,141.1699981689453,140.5702667236328,83763800,146.13599884033204
2022-11-30,141.39999389648438,148.72000122070312,140.5500030517578,148.02999877929688,147.401123046875,111380900,145.95859893798828
2022-12-01,148.2100067138672,149.1300048828125,146.61000061035156,148.30999755859375,147.67994689941406,71250400,145.8503988647461
2022-12-02,145.9600067138672,148.0,145.64999389648438,147.80999755859375,147.18206787109375,65447400,145.7517987060547
2022-12-05,147.77000427246094,150.9199981689453,145.77000427246094,146.6300048828125,146.00706481933594,68826400,145.67579895019531
2022-12-06,147.07000732421875,147.3000030517578,141.9199981689453,142.91000366210938,142.30288696289062,64727200,145.5185989379883
2022-12-07,142.19000244140625,143.3699951171875,140.0,140.94000244140625,140.34124755859375,69721100,145.3021990966797
2022-12-08,142.36000061035156,143.52000427246094,141.10000610351562,142.64999389648438,142.04397583007812,62128300,145.15839904785156
2022-12-09,142.33999633789062,145.57000732421875,140.89999389648438,142.16000366210938,141.5560760498047,76097000,145.15199920654297
2022-12-12,142.6999969482422,144.5,141.05999755859375,144.49000549316406,143.87615966796875,70462700,145.2777993774414
2022-12-13,149.5,149.97000122070312,144.24000549316406,145.47000122070312,144.8520050048828,93886200,145.33819946289063
2022-12-14,145.35000610351562,146.66000366210938,141.16000366210938,143.2100067138672,142.6016082763672,82291200,145.28039947509765
2022-12-15,141.11000061035156,141.8000030517578,136.02999877929688,136.5,135.9200897216797,98931900,145.08239959716798
2022-12-16,136.69000244140625,137.64999389648438,133.72999572753906,134.50999450683594,133.9385528564453,160156900,144.86399963378906
2022-12-19,135.11000061035156,135.1999969482422,131.32000732421875,132.3699951171875,131.80764770507812,79592600,144.709599609375
2022-12-20,131.38999938964844,133.25,129.88999938964844,132.3000030517578,131.73794555664062,77432800,144.54719970703124
2022-12-21,132.97999572753906,136.80999755859375,132.75,135.4499969482422,134.8745574951172,85928000,144.4765997314453
2022-12-22,134.35000610351562,134.55999755859375,130.3000030517578,132.22999572753906,131.66824340820312,77852100,144.35439971923827
2022-12-23,130.9199981689453,132.4199981689453,129.63999938964844,131.86000061035156,131.29981994628906,63814900,144.13179962158202
2022-12-27,131.3800048828125,131.41000366210938,128.72000122070312,130.02999877929688,129.4775848388672,69007800,143.9647994995117
2022-12-28,129.6699981689453,131.02999877929688,125.87000274658203,126.04000091552734,125.5045394897461,85438400,143.63739944458007
2022-12-29,127.98999786376953,130.47999572753906,127.7300033569336,129.61000061035156,129.0593719482422,75703700,143.3545994567871
2022-12-30,128.41000366210938,129.9499969482422,127.43000030517578,129.92999267578125,129.3780059814453,77034200,143.0759992980957
